"","X","rank","motif_db","motif_id","motif_alt_id","consensus","pvalue","adj.pvalue","evalue","tests","fasta_max","pos","neg","pwm_min","tp","tp_percent","fp","fp_percent"
"1",1,1,"../assets/JASPAR2022_CORE_vertebrates_non-redundant_pfms_meme.txt","MA0599.1","Klf5","GCCCCDCCCH",4.09e-33,2.38e-30,2e-27,581,564,564,1128,4.52,202,35.82,122,10.82
"2",2,2,"../assets/JASPAR2022_CORE_vertebrates_non-redundant_pfms_meme.txt","MA1511.2","Klf10","GGGGCGGGG",2.22e-32,1.05e-29,8.79e-27,471,564,564,1128,6.69,158,28.01,72,6.38
"5",5,5,"../assets/JASPAR2022_CORE_vertebrates_non-redundant_pfms_meme.txt","MA0746.2","Sp3","NGCCACGCCCMCH",7.62e-32,2.38e-29,2e-26,312,564,564,1128,2.55,152,26.95,67,5.94
"6",6,6,"../assets/JASPAR2022_CORE_vertebrates_non-redundant_pfms_meme.txt","MA0506.2","Nrf1","SNCTGCGCMTGCGCV",1.73e-30,4.16e-28,3.5e-25,241,564,564,1128,26.3,71,12.59,4,0.35
"7",7,7,"../assets/JASPAR2022_CORE_vertebrates_non-redundant_pfms_meme.txt","MA0741.1","Klf16","GMCACGCCCCC",1.97e-30,8.51e-28,7.16e-25,433,564,564,1128,2.03,197,34.93,125,11.08
"9",9,9,"../assets/JASPAR2022_CORE_vertebrates_non-redundant_pfms_meme.txt","MA1512.1","Klf11","SCCACGCCCMC",2.69e-28,9.44e-26,7.94e-23,351,564,564,1128,1.19,197,34.93,133,11.79
"15",15,15,"../assets/JASPAR2022_CORE_vertebrates_non-redundant_pfms_meme.txt","MA1513.1","Klf15","SCCCCGCCCCS",3.14e-25,1.4e-22,1.18e-19,446,564,564,1128,19.1,102,18.09,34,3.01
"16",16,16,"../assets/JASPAR2022_CORE_vertebrates_non-redundant_pfms_meme.txt","MA1959.1","Klf7","DGGGCGGGG",7.32e-25,3.87e-22,3.26e-19,529,564,564,1128,3.19,211,37.41,167,14.8
"17",17,17,"../assets/JASPAR2022_CORE_vertebrates_non-redundant_pfms_meme.txt","MA0079.5","Sp1","GGGGCGGGG",1.71e-24,8.39e-22,7.05e-19,490,564,564,1128,17.4,129,22.87,63,5.59
"19",19,19,"../assets/JASPAR2022_CORE_vertebrates_non-redundant_pfms_meme.txt","MA1951.1","Fos","BGATGACGTCATCR",6.02e-22,3.07e-20,2.58e-17,51,564,564,1128,1.53,49,8.69,2,0.18
"20",20,20,"../assets/JASPAR2022_CORE_vertebrates_non-redundant_pfms_meme.txt","MA1515.1","Klf2","NRCCACRCCCH",2.56e-22,1.38e-19,1.16e-16,539,564,564,1128,1.16,253,44.86,245,21.72
"21",21,21,"../assets/JASPAR2022_CORE_vertebrates_non-redundant_pfms_meme.txt","MA0645.1","Etv6","MSCGGAAGTR",1.05e-21,3.38e-19,2.85e-16,323,564,564,1128,1.08,182,32.27,140,12.41
"22",22,22,"../assets/JASPAR2022_CORE_vertebrates_non-redundant_pfms_meme.txt","MA0656.1","Jdp2","GATGACGTCAYC",3.18e-20,1.27e-18,1.07e-15,40,564,564,1128,1.12,40,7.09,0,0
"23",23,23,"../assets/JASPAR2022_CORE_vertebrates_non-redundant_pfms_meme.txt","MA0162.4","Egr1","VCMCGCCCACGCVS",4.36e-21,1.77e-18,1.49e-15,407,564,564,1128,3.44,123,21.81,67,5.94
"25",25,25,"../assets/JASPAR2022_CORE_vertebrates_non-redundant_pfms_meme.txt","MA0039.4","Klf4","NNCCCCACCCHN",1.64e-20,8.91e-18,7.5e-15,544,564,564,1128,1.39,235,41.67,226,20.04
"26",26,26,"../assets/JASPAR2022_CORE_vertebrates_non-redundant_pfms_meme.txt","MA0747.1","Sp8","RCCACGCCCMCY",4.6e-20,1.79e-17,1.5e-14,388,564,564,1128,1.48,178,31.56,142,12.59
"27",27,27,"../assets/JASPAR2022_CORE_vertebrates_non-redundant_pfms_meme.txt","MA0076.2","Elk4","BCRCTTCCGGB",9.35e-20,2.89e-17,2.43e-14,309,564,564,1128,10.8,77,13.65,24,2.13
"29",29,29,"../assets/JASPAR2022_CORE_vertebrates_non-redundant_pfms_meme.txt","MA0609.2","Crem","NNDGTGACGTCACHNN",2.14e-19,3.19e-17,2.68e-14,149,564,564,1128,4,65,11.52,15,1.33
"30",30,30,"../assets/JASPAR2022_CORE_vertebrates_non-redundant_pfms_meme.txt","MA0834.1","Atf7","NDATGACGTCATMV",1.44e-18,6.34e-17,5.33e-14,44,564,564,1128,1.19,42,7.45,2,0.18
"32",32,32,"../assets/JASPAR2022_CORE_vertebrates_non-redundant_pfms_meme.txt","MA1140.2","Junb","GATGACGTCAYC",2.76e-18,1.13e-16,9.52e-14,41,564,564,1128,1.98,39,6.91,1,0.09
"33",33,33,"../assets/JASPAR2022_CORE_vertebrates_non-redundant_pfms_meme.txt","MA0840.1","Creb5","NATGACGTCAYH",2.76e-18,1.24e-16,1.04e-13,45,564,564,1128,6.13,39,6.91,1,0.09
"34",34,34,"../assets/JASPAR2022_CORE_vertebrates_non-redundant_pfms_meme.txt","MA0760.1","Erf","ACCGGAAGTR",1.26e-18,2.4e-16,2.02e-13,191,564,564,1128,1.26,114,20.21,65,5.76
"38",38,38,"../assets/JASPAR2022_CORE_vertebrates_non-redundant_pfms_meme.txt","MA0098.3","Ets1","ACCGGAARTR",8.8e-18,2.28e-15,1.92e-12,259,564,564,1128,1.72,119,21.1,74,6.56
"39",39,39,"../assets/JASPAR2022_CORE_vertebrates_non-redundant_pfms_meme.txt","MA0605.2","Atf3","RRTGACGTCAYY",9.48e-17,3.13e-15,2.63e-12,33,564,564,1128,3.49,33,5.85,0,0
"40",40,40,"../assets/JASPAR2022_CORE_vertebrates_non-redundant_pfms_meme.txt","MA1483.2","Elf2","AAMCCGGAAGTR",3.14e-17,6.68e-15,5.62e-12,213,564,564,1128,5.2,76,13.48,29,2.57
"41",41,41,"../assets/JASPAR2022_CORE_vertebrates_non-redundant_pfms_meme.txt","MA0759.2","Elk3","ACCGGAAGTRV",4.55e-17,7.55e-15,6.35e-12,166,564,564,1128,6.9,69,12.23,23,2.04
"43",43,43,"../assets/JASPAR2022_CORE_vertebrates_non-redundant_pfms_meme.txt","MA0750.2","Zbtb7a","NVCCGGAAGTGSV",2.69e-17,9.53e-15,8.02e-12,354,564,564,1128,1.84,144,25.53,108,9.57
"47",47,47,"../assets/JASPAR2022_CORE_vertebrates_non-redundant_pfms_meme.txt","MA0765.3","Etv5","ACCGGAAGTR",2.66e-16,3.93e-14,3.31e-11,148,564,564,1128,7.43,60,10.64,17,1.51
"48",48,48,"../assets/JASPAR2022_CORE_vertebrates_non-redundant_pfms_meme.txt","MA0028.2","Elk1","ACCGGAAGTR",3.97e-16,5.92e-14,4.98e-11,149,564,564,1128,2.01,84,14.89,40,3.55
"51",51,51,"../assets/JASPAR2022_CORE_vertebrates_non-redundant_pfms_meme.txt","MA0062.3","Gabpa","NNCACTTCCTGTNN",2.02e-16,7.1e-14,5.97e-11,351,564,564,1128,1.32,168,29.79,146,12.94
"53",53,53,"../assets/JASPAR2022_CORE_vertebrates_non-redundant_pfms_meme.txt","MA0764.3","Etv4","ACCGGAAGTR",3.22e-16,8.44e-14,7.1e-11,262,564,564,1128,10.4,61,10.82,18,1.6
"60",60,60,"../assets/JASPAR2022_CORE_vertebrates_non-redundant_pfms_meme.txt","MA0763.1","Etv3","ACCGGAAGTR",7.29e-15,1.81e-12,1.52e-09,248,564,564,1128,13.6,46,8.16,9,0.8
"63",63,63,"../assets/JASPAR2022_CORE_vertebrates_non-redundant_pfms_meme.txt","MA0761.2","Etv1","NNACAGGAAGTGNN",7.82e-15,2.74e-12,2.31e-09,351,564,564,1128,1.41,160,28.37,143,12.68
"66",66,66,"../assets/JASPAR2022_CORE_vertebrates_non-redundant_pfms_meme.txt","MA0527.1","Zbtb33","BTCTCGCGAGABYTS",6.13e-14,8.03e-12,6.75e-09,131,564,564,1128,119,30,5.32,1,0.09
"67",67,67,"../assets/JASPAR2022_CORE_vertebrates_non-redundant_pfms_meme.txt","MA1484.1","Ets2","DACCGGAAGY",4.98e-14,9.12e-12,7.67e-09,183,564,564,1128,1.93,92,16.31,56,4.96
"68",68,68,"../assets/JASPAR2022_CORE_vertebrates_non-redundant_pfms_meme.txt","MA1723.1","Prdm9","RGDGGGVAGGGRGGVRRMARVARR",4.24e-14,1.08e-11,9.07e-09,254,564,564,1128,1.46,137,24.29,114,10.11
"74",74,74,"../assets/JASPAR2022_CORE_vertebrates_non-redundant_pfms_meme.txt","MA0473.3","Elf1","RDVCAGGAAGTGVN",2.64e-13,7.58e-11,6.38e-08,287,564,564,1128,1.62,129,22.87,107,9.49
"76",76,76,"../assets/JASPAR2022_CORE_vertebrates_non-redundant_pfms_meme.txt","MA0604.1","Atf1","RTGACGTA",7.19e-13,1.22e-10,1.03e-07,170,564,564,1128,1.53,77,13.65,43,3.81
"78",78,78,"../assets/JASPAR2022_CORE_vertebrates_non-redundant_pfms_meme.txt","MA1632.1","Atf2","NNATGABGTCATN",5.12e-12,5.33e-10,4.48e-07,104,564,564,1128,16.4,30,5.32,3,0.27
"81",81,81,"../assets/JASPAR2022_CORE_vertebrates_non-redundant_pfms_meme.txt","MA0862.1","Gmeb2","TTACGTAA",2.42e-10,2.66e-08,2.24e-05,110,564,564,1128,6.85,35,6.21,9,0.8
"82",82,82,"../assets/JASPAR2022_CORE_vertebrates_non-redundant_pfms_meme.txt","MA0526.4","Usf2","DRTCACGTGAYH",1.13e-09,3.27e-08,2.75e-05,29,564,564,1128,7.7,21,3.72,1,0.09
"83",83,83,"../assets/JASPAR2022_CORE_vertebrates_non-redundant_pfms_meme.txt","MA0488.1","Jun","DDRATGATGTCAT",5.98e-10,4.42e-08,3.72e-05,74,564,564,1128,12.1,30,5.32,6,0.53
"84",84,84,"../assets/JASPAR2022_CORE_vertebrates_non-redundant_pfms_meme.txt","MA0018.4","Creb1","NNRTGATGTCAYN",4.33e-10,7.58e-08,6.37e-05,175,564,564,1128,3.75,61,10.82,35,3.1
"85",85,85,"../assets/JASPAR2022_CORE_vertebrates_non-redundant_pfms_meme.txt","MA0492.1","Jund","DDDRATGABGTCATN",1.2e-09,7.77e-08,6.53e-05,65,564,564,1128,4.15,38,6.74,13,1.15
"86",86,86,"../assets/JASPAR2022_CORE_vertebrates_non-redundant_pfms_meme.txt","MA1573.2","Thap11","ACTACAABTCCCAG",2.15e-09,1.31e-07,0.00011,61,564,564,1128,332,18,3.19,0,0
"87",87,87,"../assets/JASPAR2022_CORE_vertebrates_non-redundant_pfms_meme.txt","MA0831.3","Tfe3","GTCACGTGAC",2.68e-09,1.37e-07,0.000115,51,564,564,1128,4.28,27,4.79,5,0.44
"88",88,88,"../assets/JASPAR2022_CORE_vertebrates_non-redundant_pfms_meme.txt","MA0471.2","E2f6","VVDGGCGGGAAVV",3.21e-10,1.56e-07,0.000131,487,564,564,1128,2.5,129,22.87,125,11.08
"89",89,89,"../assets/JASPAR2022_CORE_vertebrates_non-redundant_pfms_meme.txt","MA0692.1","Tfeb","RYCACGTGAC",1.66e-09,2.13e-07,0.000179,128,564,564,1128,3.01,49,8.69,24,2.13
"90",90,90,"../assets/JASPAR2022_CORE_vertebrates_non-redundant_pfms_meme.txt","MA1623.1","Stat2","RGAAACAGAAASH",7.09e-10,2.18e-07,0.000184,308,564,564,1128,1.16,149,26.42,158,14.01
"91",91,91,"../assets/JASPAR2022_CORE_vertebrates_non-redundant_pfms_meme.txt","MA0108.2","Tbp","STATAAAWRSVVVBN",1.02e-09,2.44e-07,0.000205,239,564,564,1128,31.2,28,4.96,5,0.44
"94",94,94,"../assets/JASPAR2022_CORE_vertebrates_non-redundant_pfms_meme.txt","MA0139.1","Ctcf","YGRCCASYAGRKGGCRSYR",3.17e-09,3.39e-07,0.000285,107,564,564,1128,40.9,22,3.9,2,0.18
"96",96,96,"../assets/JASPAR2022_CORE_vertebrates_non-redundant_pfms_meme.txt","MA0851.1","Foxj3","NDAADGTAAACAAANNM",3.71e-09,4.41e-07,0.000371,119,564,564,1128,1.4,68,12.06,47,4.17
"101",101,101,"../assets/JASPAR2022_CORE_vertebrates_non-redundant_pfms_meme.txt","MA0663.1","Mlx","RTCACGTGAT",3.4e-08,1.63e-06,0.00137,48,564,564,1128,3.12,27,4.79,7,0.62
"102",102,102,"../assets/JASPAR2022_CORE_vertebrates_non-redundant_pfms_meme.txt","MA0507.2","Pou2f2","AWTATGCAAATKAG",7.02e-08,1.83e-06,0.00153,26,564,564,1128,3.02,19,3.37,2,0.18
"103",103,103,"../assets/JASPAR2022_CORE_vertebrates_non-redundant_pfms_meme.txt","MA0619.1","Lin54","DTTTRAATH",1.48e-08,2.08e-06,0.00175,140,564,564,1128,37.1,35,6.21,13,1.15
"106",106,106,"../assets/JASPAR2022_CORE_vertebrates_non-redundant_pfms_meme.txt","MA1099.2","Hes1","GGCRCGTGBC",8.36e-09,2.42e-06,0.00204,290,564,564,1128,2.13,91,16.13,79,7
"107",107,107,"../assets/JASPAR2022_CORE_vertebrates_non-redundant_pfms_meme.txt","MA1464.1","Arnt2","GTCACGTGMN",5.09e-08,3.25e-06,0.00274,64,564,564,1128,7.92,29,5.14,9,0.8
"109",109,109,"../assets/JASPAR2022_CORE_vertebrates_non-redundant_pfms_meme.txt","MA0004.1","Arnt","CACGTG",3.12e-08,3.91e-06,0.00329,125,564,564,1128,11.2,33,5.85,12,1.06
"110",110,110,"../assets/JASPAR2022_CORE_vertebrates_non-redundant_pfms_meme.txt","MA0786.1","Pou3f1","WTATGCWAATKW",2.13e-08,4.02e-06,0.00338,189,564,564,1128,23.1,30,5.32,9,0.8
"112",112,112,"../assets/JASPAR2022_CORE_vertebrates_non-redundant_pfms_meme.txt","MA0733.1","Egr4","NHMCGCCCACGCAHWT",3.75e-08,5.66e-06,0.00476,151,564,564,1128,2.96,41,7.27,20,1.77
"113",113,113,"../assets/JASPAR2022_CORE_vertebrates_non-redundant_pfms_meme.txt","MA0787.1","Pou3f2","WTATGCWAATKA",4.69e-08,6.2e-06,0.00521,132,564,564,1128,21.3,24,4.26,5,0.44
"114",114,114,"../assets/JASPAR2022_CORE_vertebrates_non-redundant_pfms_meme.txt","MA1115.1","Pou5f1","WHATGCAAATN",2.31e-08,6.59e-06,0.00554,285,564,564,1128,6.78,50,8.87,29,2.57
"115",115,115,"../assets/JASPAR2022_CORE_vertebrates_non-redundant_pfms_meme.txt","MA0869.2","Sox11","NRGAACAAAGVV",2.17e-08,7.64e-06,0.00643,352,564,564,1128,1.44,143,25.35,160,14.18
"116",116,116,"../assets/JASPAR2022_CORE_vertebrates_non-redundant_pfms_meme.txt","MA1516.1","Klf3","GRCCRCGCCCH",5.39e-08,1.17e-05,0.00984,217,564,564,1128,9.45,47,8.33,27,2.39
"121",121,121,"../assets/JASPAR2022_CORE_vertebrates_non-redundant_pfms_meme.txt","MA0603.1","Arntl","NGTCACGTGH",1.7e-07,2.1e-05,0.0176,123,564,564,1128,4.52,32,5.67,13,1.15
"123",123,123,"../assets/JASPAR2022_CORE_vertebrates_non-redundant_pfms_meme.txt","MA0464.2","Bhlhe40","VKCACGTGMC",3.8e-07,2.2e-05,0.0185,58,564,564,1128,1.42,35,6.21,17,1.51
"128",128,128,"../assets/JASPAR2022_CORE_vertebrates_non-redundant_pfms_meme.txt","MA0785.1","Pou2f1","AWTATGCWAATK",1.95e-07,3.53e-05,0.0297,181,564,564,1128,53.1,18,3.19,2,0.18
"129",129,129,"../assets/JASPAR2022_CORE_vertebrates_non-redundant_pfms_meme.txt","MA0789.1","Pou3f4","TATGCWAAT",3.57e-07,3.82e-05,0.0321,107,564,564,1128,4.39,37,6.56,19,1.68
"130",130,130,"../assets/JASPAR2022_CORE_vertebrates_non-redundant_pfms_meme.txt","MA0480.2","Foxo1","NDGTAAACANN",1.21e-07,4.24e-05,0.0357,350,564,564,1128,1.07,158,28.01,191,16.93
"131",131,131,"../assets/JASPAR2022_CORE_vertebrates_non-redundant_pfms_meme.txt","MA0147.3","Myc","NNCCACGTGCNB",3.28e-07,4.26e-05,0.0359,130,564,564,1128,1.19,63,11.17,50,4.43
"132",132,132,"../assets/JASPAR2022_CORE_vertebrates_non-redundant_pfms_meme.txt","MA1103.2","Foxk2","DDGTAAACANN",1.45e-07,4.27e-05,0.0359,294,564,564,1128,1.32,123,21.81,135,11.97
"133",133,133,"../assets/JASPAR2022_CORE_vertebrates_non-redundant_pfms_meme.txt","MA0058.3","Max","AVCACGTGNY",5.38e-07,4.95e-05,0.0416,92,564,564,1128,3.55,41,7.27,24,2.13
"135",135,135,"../assets/JASPAR2022_CORE_vertebrates_non-redundant_pfms_meme.txt","MA0600.2","Rfx2","SGTTGCCATGGYAACS",2.48e-06,5.22e-05,0.0439,21,564,564,1128,1.63,17,3.01,3,0.27
"136",136,136,"../assets/JASPAR2022_CORE_vertebrates_non-redundant_pfms_meme.txt","MA0593.1","Foxp2","RWGTAAACAVR",7.7e-07,5.55e-05,0.0466,72,564,564,1128,5.9,35,6.21,18,1.6
"138",138,138,"../assets/JASPAR2022_CORE_vertebrates_non-redundant_pfms_meme.txt","MA0509.3","Rfx1","SGTTGCCATGGCAACS",5.29e-06,5.82e-05,0.0489,11,564,564,1128,2.32,11,1.95,0,0
"139",139,139,"../assets/JASPAR2022_CORE_vertebrates_non-redundant_pfms_meme.txt","MA0636.1","Bhlhe41","RTCACGTGAC",1.74e-06,5.91e-05,0.0497,34,564,564,1128,118,12,2.13,0,0
"142",142,142,"../assets/JASPAR2022_CORE_vertebrates_non-redundant_pfms_meme.txt","MA0798.3","Rfx3","CGTTRCCATGGCAACS",5.29e-06,6.87e-05,0.0578,13,564,564,1128,13.2,11,1.95,0,0
"143",143,143,"../assets/JASPAR2022_CORE_vertebrates_non-redundant_pfms_meme.txt","MA0481.3","Foxp1","NDGTAAACANH",2.9e-07,8.03e-05,0.0675,277,564,564,1128,1.08,129,22.87,147,13.03
"145",145,145,"../assets/JASPAR2022_CORE_vertebrates_non-redundant_pfms_meme.txt","MA0828.2","Srebf2","WWATCACGTGATWW",6.48e-06,0.000123,0.104,19,564,564,1128,1.21,16,2.84,3,0.27
"147",147,147,"../assets/JASPAR2022_CORE_vertebrates_non-redundant_pfms_meme.txt","MA0095.3","Yy1","NNCAAAATGGCN",5.8e-07,0.000161,0.135,277,564,564,1128,16.3,40,7.09,23,2.04
"150",150,150,"../assets/JASPAR2022_CORE_vertebrates_non-redundant_pfms_meme.txt","MA0052.4","Mef2a","DDCTAAAAATAGMHH",8.35e-07,0.000185,0.156,222,564,564,1128,1.55,103,18.26,110,9.75
"151",151,151,"../assets/JASPAR2022_CORE_vertebrates_non-redundant_pfms_meme.txt","MA1929.1","Ctcf","CTGCAGTKCCNNNNNYNRCCASYAGRKGGCRSYV",3.16e-06,0.00019,0.16,60,564,564,1128,9.55,23,4.08,8,0.71
"153",153,153,"../assets/JASPAR2022_CORE_vertebrates_non-redundant_pfms_meme.txt","MA0620.3","Mitf","NNNDRTCACGTGAYHNNN",3.45e-06,0.000255,0.215,74,564,564,1128,6.46,24,4.26,9,0.8
"154",154,154,"../assets/JASPAR2022_CORE_vertebrates_non-redundant_pfms_meme.txt","MA0073.1","Rreb1","CCCCMAAMCAMCCMCMMMCV",1.14e-05,0.000297,0.25,26,564,564,1128,2.87,18,3.19,5,0.44
"156",156,156,"../assets/JASPAR2022_CORE_vertebrates_non-redundant_pfms_meme.txt","MA0104.4","Mycn","VVCCACGTGGBB",2.7e-06,0.000324,0.272,120,564,564,1128,1.35,57,10.11,47,4.17
"157",157,157,"../assets/JASPAR2022_CORE_vertebrates_non-redundant_pfms_meme.txt","MA1650.1","Zbtb14","SSCCGCGCACVS",9.9e-07,0.00033,0.277,333,564,564,1128,1.84,111,19.68,123,10.9
"158",158,158,"../assets/JASPAR2022_CORE_vertebrates_non-redundant_pfms_meme.txt","MA0825.1","Mnt","RVCACGTGMH",3.33e-06,0.00033,0.278,99,564,564,1128,2.17,40,7.09,26,2.3
"160",160,160,"../assets/JASPAR2022_CORE_vertebrates_non-redundant_pfms_meme.txt","MA0595.1","Srebf1","VTCACCCCAY",3.66e-06,0.000399,0.335,109,564,564,1128,2.14,44,7.8,31,2.75
"161",161,161,"../assets/JASPAR2022_CORE_vertebrates_non-redundant_pfms_meme.txt","MA1643.1","Nfib","NNCCTGGCAYNGTGCCAAGNN",8.09e-06,0.000413,0.347,51,564,564,1128,3.29,24,4.26,10,0.89
"163",163,163,"../assets/JASPAR2022_CORE_vertebrates_non-redundant_pfms_meme.txt","MA0510.2","Rfx5","SGTTGCCATGGYAACV",1.67e-05,0.000485,0.408,29,564,564,1128,6.44,15,2.66,3,0.27
"164",164,164,"../assets/JASPAR2022_CORE_vertebrates_non-redundant_pfms_meme.txt","MA0157.3","Foxo3","NDGTAAACARNN",1.51e-06,0.000494,0.415,326,564,564,1128,20.2,25,4.43,9,0.8
"165",165,165,"../assets/JASPAR2022_CORE_vertebrates_non-redundant_pfms_meme.txt","MA0625.2","Nfatc3","RYGGAAAMH",9.3e-07,0.000496,0.418,534,564,564,1128,2.72,125,22.16,145,12.85
"168",168,168,"../assets/JASPAR2022_CORE_vertebrates_non-redundant_pfms_meme.txt","MA1122.1","Tfdp1","VSGCGGGAAVN",1.7e-06,0.000577,0.485,339,564,564,1128,2.14,71,12.59,65,5.76
"174",174,174,"../assets/JASPAR2022_CORE_vertebrates_non-redundant_pfms_meme.txt","MA0608.1","Creb3l2","GCCACGTGD",1.35e-05,0.000972,0.818,72,564,564,1128,12,19,3.37,6,0.53
"175",175,175,"../assets/JASPAR2022_CORE_vertebrates_non-redundant_pfms_meme.txt","MA0788.1","Pou3f3","WWTATGCWAATTW",6.74e-06,0.00106,0.89,157,564,564,1128,6.34,43,7.62,31,2.75
"177",177,177,"../assets/JASPAR2022_CORE_vertebrates_non-redundant_pfms_meme.txt","MA1570.1","Tfap4","AHCATRTGDT",7.01e-06,0.00113,0.949,161,564,564,1128,7.3,38,6.74,25,2.22
"178",178,178,"../assets/JASPAR2022_CORE_vertebrates_non-redundant_pfms_meme.txt","MA0848.1","Foxo4","GTAAACA",6.95e-06,0.00126,1.06,181,564,564,1128,9.47,31,5.5,17,1.51
"179",179,179,"../assets/JASPAR2022_CORE_vertebrates_non-redundant_pfms_meme.txt","MA1997.1","Olig2","NVCAGCTGBN",7.01e-06,0.00142,1.2,203,564,564,1128,20,38,6.74,25,2.22
"180",180,180,"../assets/JASPAR2022_CORE_vertebrates_non-redundant_pfms_meme.txt","MA0823.1","Hey1","GRCACGTGCC",1.34e-05,0.00154,1.29,115,564,564,1128,1.82,45,7.98,35,3.1
"185",185,185,"../assets/JASPAR2022_CORE_vertebrates_non-redundant_pfms_meme.txt","MA0093.3","Usf1","NDGTCATGTGACHN",2.25e-05,0.00184,1.55,82,564,564,1128,20,16,2.84,4,0.35
"186",186,186,"../assets/JASPAR2022_CORE_vertebrates_non-redundant_pfms_meme.txt","MA1100.2","Ascl1","VGCAGCTGCN",4.69e-06,0.00199,1.67,424,564,564,1128,22.6,19,3.37,5,0.44
"190",190,190,"../assets/JASPAR2022_CORE_vertebrates_non-redundant_pfms_meme.txt","MA1972.1","Zfp14","GGAGGCHCHGGARBG",1.16e-05,0.00239,2.01,207,564,564,1128,1.15,95,16.84,107,9.49
"193",193,193,"../assets/JASPAR2022_CORE_vertebrates_non-redundant_pfms_meme.txt","MA1652.1","Zkscan5","NNRGGARGTGAGRR",1.16e-05,0.00269,2.26,233,564,564,1128,1.36,95,16.84,107,9.49
"196",196,196,"../assets/JASPAR2022_CORE_vertebrates_non-redundant_pfms_meme.txt","MA0032.2","Foxc1","WAWGTAAAYAW",1.93e-05,0.00366,3.08,190,564,564,1128,1.19,88,15.6,98,8.69
"198",198,198,"../assets/JASPAR2022_CORE_vertebrates_non-redundant_pfms_meme.txt","MA0852.2","Foxk1","NRDGTAAACAAGNN",1.76e-05,0.00419,3.52,239,564,564,1128,7.76,39,6.91,28,2.48
"201",201,201,"../assets/JASPAR2022_CORE_vertebrates_non-redundant_pfms_meme.txt","MA1616.1","Prdm15","NRGAAAACCTGGAVN",2.44e-05,0.00552,4.64,227,564,564,1128,1.5,90,15.96,102,9.04
"202",202,202,"../assets/JASPAR2022_CORE_vertebrates_non-redundant_pfms_meme.txt","MA1640.1","Meis2","NNATGATTTATGDNH",3.31e-05,0.00656,5.52,199,564,564,1128,1.77,75,13.3,80,7.09
"203",203,203,"../assets/JASPAR2022_CORE_vertebrates_non-redundant_pfms_meme.txt","MA0601.1","Arid3b","ATATTAATWAN",3.17e-05,0.00672,5.65,213,564,564,1128,11.7,45,7.98,37,3.28
"208",208,208,"../assets/JASPAR2022_CORE_vertebrates_non-redundant_pfms_meme.txt","MA0639.1","Dbp","NRTTACGTAAYV",0.000153,0.00855,7.19,56,564,564,1128,15.1,15,2.66,5,0.44
"211",211,211,"../assets/JASPAR2022_CORE_vertebrates_non-redundant_pfms_meme.txt","MA0472.2","Egr2","MCGCCCACGCA",8.11e-05,0.00968,8.14,120,564,564,1128,1.69,44,7.8,38,3.37
"212",212,212,"../assets/JASPAR2022_CORE_vertebrates_non-redundant_pfms_meme.txt","MA0521.2","Tcf12","NNACAGCTGTNN",3.79e-05,0.0098,8.24,260,564,564,1128,25.5,21,3.72,9,0.8
"217",217,217,"../assets/JASPAR2022_CORE_vertebrates_non-redundant_pfms_meme.txt","MA0843.1","Tef","BRTTACRTAAYM",0.000377,0.0112,9.46,30,564,564,1128,2.47,17,3.01,8,0.71
